2022 PI Ranking,LEA Name,2022 PI Proxy Descriptor,2022 PI for Ranking,2022 Achievement Rating,ODE Designated County,LEA IRN,LEA Org Type,LEA Status as of 9/13/22,2022 Grade Span,Additional Comments
479,Adams County Ohio Valley Local,REAL PI,78.647,3 Star,Adams,061903,Public District,Open,K-12,
504,Manchester Local,REAL PI,77.441,3 Star,Adams,000442,Public District,Open,K-12,
83,Bluffton Exempted Village,REAL PI,97.607,5 Star,Allen,045211,Public District,Open,K-12,
110,Shawnee Local,REAL PI,95.437,4 Star,Allen,045799,Public District,Open,K-12,
122,Bath Local,REAL PI,94.632,4 Star,Allen,045765,Public District,Open,K-12,
124,Delphos City,REAL PI,94.419,4 Star,Allen,043885,Public District,Open,K-12,
142,Spencerville Local,REAL PI,93.673,4 Star,Allen,045807,Public District,Open,K-12,
229,Allen East Local,REAL PI,89.473,4 Star,Allen,045757,Public District,Open,K-12,
249,Elida Local,REAL PI,88.461,4 Star,Allen,045773,Public District,Open,K-12,
535,Perry Local,REAL PI,75.477,3 Star,Allen,045781,Public District,Open,K-12,
590,Heir Force Community School,REAL PI,69.882,2 Star,Allen,000613,Community School,Open,K-8,
683,Lima City,REAL PI,60.073,2 Star,Allen,044222,Public District,Open,K-12,
170,Ashland City,REAL PI,92.018,4 Star,Ashland,043505,Public District,Open,K-12,
257,Hillsdale Local,REAL PI,88.237,4 Star,Ashland,045823,Public District,Open,K-12,
368,Loudonville-Perrysville Exempted Village,REAL PI,83.575,3 Star,Ashland,045468,Public District,Open,K-12,
445,Mapleton Local,REAL PI,80.108,3 Star,Ashland,045831,Public District,Open,K-12,
409,Geneva Area City,REAL PI,81.774,3 Star,Ashtabula,044057,Public District,Open,K-12,
444,Jefferson Area Local,REAL PI,80.192,3 Star,Ashtabula,045872,Public District,Open,K-12,
469,Pymatuning Valley Local,REAL PI,79.096,3 Star,Ashtabula,045880,Public District,Open,K-12,
484,Grand Valley Local,REAL PI,78.426,3 Star,Ashtabula,045864,Public District,Open,K-12,
494,Buckeye Local,REAL PI,77.935,3 Star,Ashtabula,045856,Public District,Open,K-12,
553,Conneaut Area City,REAL PI,73.955,2 Star,Ashtabula,043810,Public District,Open,K-12,
646,Ashtabula Area City,REAL PI,64.165,2 Star,Ashtabula,043513,Public District,Open,K-12,
381,Alexander Local,REAL PI,82.916,3 Star,Athens,045906,Public District,Open,K-12,
404,Athens City,REAL PI,81.909,3 Star,Athens,043521,Public District,Open,K-12,
583,Federal Hocking Local,REAL PI,70.77,2 Star,Athens,045914,Public District,Open,K-12,
618,Nelsonville-York City,REAL PI,66.91,2 Star,Athens,044446,Public District,Open,K-12,
647,Trimble Local,REAL PI,64.119,2 Star,Athens,045922,Public District,Open,K-12,
6,Minster Local,REAL PI,107.229,5 Star,Auglaize,045948,Public District,Open,K-12,
15,New Bremen Local,REAL PI,105.257,5 Star,Auglaize,045955,Public District,Open,K-12,
49,New Knoxville Local,REAL PI,100.477,5 Star,Auglaize,045963,Public District,Open,K-12,
264,Wapakoneta City,REAL PI,87.913,4 Star,Auglaize,044982,Public District,Open,K-12,
310,St Marys City,REAL PI,85.8,4 Star,Auglaize,044727,Public District,Open,K-12,
325,Waynesfield-Goshen Local,REAL PI,85.196,3 Star,Auglaize,045971,Public District,Open,K-12,
171,St Clairsville-Richland City,REAL PI,91.987,4 Star,Belmont,045997,Public District,Open,K-12,
300,Shadyside Local,REAL PI,86.116,4 Star,Belmont,046003,Public District,Open,K-12,
331,Bellaire Local,REAL PI,84.841,3 Star,Belmont,043570,Public District,Open,K-12,
413,Bridgeport Exempted Village,REAL PI,81.562,3 Star,Belmont,045237,Public District,Open,K-12,
435,Barnesville Exempted Village,REAL PI,80.57,3 Star,Belmont,045203,Public District,Open,K-12,
520,Martins Ferry City,REAL PI,76.098,3 Star,Belmont,044347,Public District,Open,K-12,
536,Union Local,REAL PI,75.359,3 Star,Belmont,046011,Public District,Open,K-12,
303,Georgetown Exempted Village,REAL PI,86.074,4 Star,Brown,045377,Public District,Open,K-12,
330,Eastern Local School District,REAL PI,84.886,3 Star,Brown,046037,Public District,Open,K-12,
353,Fayetteville-Perry Local,REAL PI,84.123,3 Star,Brown,046045,Public District,Open,K-12,
420,Western Brown Local,REAL PI,81.252,3 Star,Brown,046060,Public District,Open,K-12,
532,Ripley-Union-Lewis-Huntington Local,REAL PI,75.599,3 Star,Brown,046078,Public District,Open,K-12,
96,Ross Local,REAL PI,96.266,4 Star,Butler,046144,Public District,Open,K-12,
139,Monroe Local,REAL PI,93.785,4 Star,Butler,139303,Public District,Open,K-12,
180,Lakota Local,REAL PI,91.331,4 Star,Butler,046110,Public District,Open,K-12,
298,Talawanda City,REAL PI,86.191,4 Star,Butler,046151,Public District,Open,K-12,
323,Madison Local,REAL PI,85.238,3 Star,Butler,046128,Public District,Open,K-12,
394,Fairfield City,REAL PI,82.304,3 Star,Butler,046102,Public District,Open,K-12,
470,Edgewood City,REAL PI,79.072,3 Star,Butler,046094,Public District,Open,K-12,
531,Hamilton City,REAL PI,75.633,3 Star,Butler,044107,Public District,Open,K-12,
601,New Miami Local,REAL PI,68.739,2 Star,Butler,046136,Public District,Open,K-12,
645,Middletown Preparatory & Fitness Academy,REAL PI,64.211,2 Star,Butler,143214,Community School,Open,K-8,
691,Middletown City,REAL PI,59.314,2 Star,Butler,044404,Public District,Open,K-12,
692,Richard Allen Academy,REAL PI,59.147,2 Star,Butler,133736,Community School,Open,K-6,
698,Summit Academy Secondary School - Middletown,REAL PI,58.74,2 Star,Butler,000634,Community School,Open,7-12,
756,Summit Acdy Comm Schl for Alternative Learners of Middletown,REAL PI,52.909,1 Star,Butler,132746,Community School,Open,K-6,
372,Carrollton Exempted Village,REAL PI,83.451,3 Star,Carroll,045278,Public District,Open,K-12,
480,Brown Local,REAL PI,78.622,3 Star,Carroll,046177,Public District,Open,K-12,
116,West Liberty-Salem Local,REAL PI,94.929,4 Star,Champaign,046219,Public District,Open,K-12,
146,Mechanicsburg Exempted Village,REAL PI,93.54,4 Star,Champaign,045484,Public District,Open,K-12,
205,Triad Local,REAL PI,90.316,4 Star,Champaign,046201,Public District,Open,K-12,
460,Graham Local,REAL PI,79.574,3 Star,Champaign,046193,Public District,Open,K-12,
533,Urbana City,REAL PI,75.545,3 Star,Champaign,044941,Public District,Open,K-12,
295,Southeastern Local,REAL PI,86.554,4 Star,Clark,046276,Public District,Open,K-12,
336,Northeastern Local,REAL PI,84.651,3 Star,Clark,046250,Public District,Open,K-12,
344,Northwestern Local,REAL PI,84.407,3 Star,Clark,046268,Public District,Open,K-12,
352,Clark-Shawnee Local,REAL PI,84.166,3 Star,Clark,046284,Public District,Open,K-12,
451,Greenon Local,REAL PI,79.892,3 Star,Clark,046235,Public District,Open,K-12,
501,Global Impact STEM Academy,REAL PI,77.564,3 Star,Clark,013930,STEM,Open,7-12,
513,Tecumseh Local,REAL PI,76.782,3 Star,Clark,046243,Public District,Open,K-12,
715,Springfield City School District,REAL PI,56.517,2 Star,Clark,044818,Public District,Open,K-12,
725,Springfield Preparatory and Fitness Academy,REAL PI,55.824,2 Star,Clark,000510,Community School,Open,K-8,
111,Milford Exempted Village,REAL PI,95.268,4 Star,Clermont,045500,Public District,Open,K-12,
214,Williamsburg Local,REAL PI,90.208,4 Star,Clermont,046367,Public District,Open,K-12,
231,Goshen Local,REAL PI,89.36,4 Star,Clermont,046342,Public District,Open,K-12,
302,Bethel-Tate Local,REAL PI,86.091,4 Star,Clermont,046318,Public District,Open,K-12,
318,New Richmond Exempted Village,REAL PI,85.373,3 Star,Clermont,045559,Public District,Open,K-12,
360,Felicity-Franklin Local,REAL PI,83.838,3 Star,Clermont,046334,Public District,Open,K-12,
366,Batavia Local,REAL PI,83.627,3 Star,Clermont,046300,Public District,Open,K-12,
437,West Clermont Local,REAL PI,80.525,3 Star,Clermont,046359,Public District,Open,K-12,
454,Clermont Northeastern Local,REAL PI,79.807,3 Star,Clermont,046326,Public District,Open,K-12,
293,Clinton-Massie Local,REAL PI,86.619,4 Star,Clinton,046391,Public District,Open,K-12,
431,Blanchester Local,REAL PI,80.717,3 Star,Clinton,046383,Public District,Open,K-12,
522,East Clinton Local,REAL PI,76.007,3 Star,Clinton,046409,Public District,Open,K-12,
540,Wilmington City,REAL PI,75.217,3 Star,Clinton,045112,Public District,Open,K-12,
109,Columbiana Exempted Village,REAL PI,95.497,4 Star,Columbiana,045328,Public District,Open,K-12,
198,Crestview Local,REAL PI,90.855,4 Star,Columbiana,046433,Public District,Open,K-12,
237,Beaver Local,REAL PI,89.004,4 Star,Columbiana,046425,Public District,Open,K-12,
365,Salem City,REAL PI,83.72,3 Star,Columbiana,044735,Public District,Open,K-12,
385,United Local,REAL PI,82.79,3 Star,Columbiana,046458,Public District,Open,K-12,
430,Leetonia Exempted Village School District,REAL PI,80.752,3 Star,Columbiana,045443,Public District,Open,K-12,
476,East Palestine City,REAL PI,78.832,3 Star,Columbiana,043927,Public District,Open,K-12,
537,Lisbon Exempted Village,REAL PI,75.353,3 Star,Columbiana,045450,Public District,Open,K-12,
577,Wellsville Local,REAL PI,71.89,2 Star,Columbiana,045039,Public District,Open,K-12,
627,Southern Local,REAL PI,66.195,2 Star,Columbiana,046441,Public District,Open,K-12,
638,Buckeye On-Line School for Success,REAL PI,65.042,2 Star,Columbiana,000417,Community School,Open,"K,1-12,PS",
665,East Liverpool City,REAL PI,61.947,2 Star,Columbiana,043919,Public District,Open,K-12,
276,Ridgewood Local,REAL PI,87.172,4 Star,Coshocton,046474,Public District,Open,K-12,
389,River View Local,REAL PI,82.678,3 Star,Coshocton,046482,Public District,Open,K-12,
539,Coshocton City,REAL PI,75.312,3 Star,Coshocton,043828,Public District,Open,K-12,
123,Buckeye Central Local,REAL PI,94.446,4 Star,Crawford,046508,Public District,Open,K-12,
234,Colonel Crawford Local,REAL PI,89.246,4 Star,Crawford,046516,Public District,Open,K-12,
376,Wynford Local,REAL PI,83.384,3 Star,Crawford,046524,Public District,Open,K-12,
498,Galion City,REAL PI,77.672,3 Star,Crawford,044024,Public District,Open,K-12,
585,Bucyrus City,REAL PI,70.586,2 Star,Crawford,043687,Public District,Open,K-12,
607,Crestline Exempted Village,REAL PI,68.459,2 Star,Crawford,045344,Public District,Open,K-12,
1,Solon City,REAL PI,110.145,5 Star,Cuyahoga,046607,Public District,Open,K-12,
2,Rocky River City,REAL PI,108.028,5 Star,Cuyahoga,044701,Public District,Open,K-12,
3,Chagrin Falls Exempted Village,REAL PI,107.915,5 Star,Cuyahoga,045286,Public District,Open,K-12,
16,Bay Village City,REAL PI,104.941,5 Star,Cuyahoga,043547,Public District,Open,K-12,
17,Brecksville-Broadview Heights City,REAL PI,104.787,5 Star,Cuyahoga,043646,Public District,Open,K-12,
19,Beachwood City,REAL PI,104.73,5 Star,Cuyahoga,043554,Public District,Open,K-12,
41,Menlo Park Academy,REAL PI,101.396,5 Star,Cuyahoga,000318,Community School,Open,K-8,
45,Cuyahoga Heights Local,REAL PI,100.897,5 Star,Cuyahoga,046557,Public District,Open,K-12,
46,Orange City,REAL PI,100.886,5 Star,Cuyahoga,046581,Public District,Open,K-12,
54,Independence Local,REAL PI,99.529,5 Star,Cuyahoga,046565,Public District,Open,K-12,
64,North Royalton City,REAL PI,98.823,5 Star,Cuyahoga,044545,Public District,Open,K-12,
68,Westlake City,REAL PI,98.312,5 Star,Cuyahoga,045062,Public District,Open,K-12,
72,Strongsville City,REAL PI,98.128,5 Star,Cuyahoga,044842,Public District,Open,K-12,
147,Global Village Academy,REAL PI,93.527,4 Star,Cuyahoga,012558,Community School,Open,K-8,
160,Olmsted Falls City,REAL PI,92.622,4 Star,Cuyahoga,046573,Public District,Open,K-12,
173,Constellation Schools: Westpark Community Elementary,REAL PI,91.897,4 Star,Cuyahoga,132993,Community School,Open,K-4,
185,Lakewood City,REAL PI,91.193,4 Star,Cuyahoga,044198,Public District,Open,K-12,
218,Fairview Park City,REAL PI,89.98,4 Star,Cuyahoga,043976,Public District,Open,K-12,
219,Mayfield City,REAL PI,89.972,4 Star,Cuyahoga,044370,Public District,Open,K-12,
324,North Olmsted City,REAL PI,85.237,3 Star,Cuyahoga,044529,Public District,Open,K-12,
359,Shaker Heights City,REAL PI,83.864,3 Star,Cuyahoga,044750,Public District,Open,K-12,
397,Near West Intergenerational School,REAL PI,82.213,3 Star,Cuyahoga,012030,Community School,Open,K-8,
425,Berea City,REAL PI,81,3 Star,Cuyahoga,043612,Public District,Open,K-12,
485,Global Ambassadors Language Academy,REAL PI,78.398,3 Star,Cuyahoga,015737,Community School,Open,K-12,
512,Parma City,REAL PI,76.823,3 Star,Cuyahoga,044636,Public District,Open,K-12,
528,Brooklyn City,REAL PI,75.72,3 Star,Cuyahoga,043653,Public District,Open,K-12,
578,Constellation Schools: Puritas Community Elementary,REAL PI,71.583,2 Star,Cuyahoga,143479,Community School,Open,K-4,
584,Huber Heights Preparatory Academy dba Parma Academy,REAL PI,70.769,2 Star,Cuyahoga,017535,Community School,Open,K-8,
587,Apex Academy,REAL PI,70.525,2 Star,Cuyahoga,000560,Community School,Open,K-8,
595,"Ohio Connections Academy, Inc",REAL PI,69.304,2 Star,Cuyahoga,000236,Community School,Open,K-12,
596,South Euclid-Lyndhurst City,REAL PI,68.997,2 Star,Cuyahoga,044792,Public District,Open,K-12,
605,Constellation Schools: Parma Community,REAL PI,68.605,2 Star,Cuyahoga,133256,Community School,Open,K-12,
608,Hope Academy Northwest Campus,REAL PI,68.447,2 Star,Cuyahoga,000575,Community School,Open,K-12,
613,Lakeshore Intergenerational School,REAL PI,67.486,2 Star,Cuyahoga,014913,Community School,Open,K-8,
619,Cleveland Heights-University Heights City,REAL PI,66.907,2 Star,Cuyahoga,043794,Public District,Open,K-12,
622,Pinnacle Academy,REAL PI,66.753,2 Star,Cuyahoga,000543,Community School,Open,K-8,
623,"Albert Einstein Academy for Letters, Arts and Sciences-Ohio",REAL PI,66.699,2 Star,Cuyahoga,013994,Community School,Open,K-12,
624,"Intergenerational School, The",REAL PI,66.395,2 Star,Cuyahoga,133215,Community School,Open,K-8,
625,Constellation Schools: Westpark Community Middle,REAL PI,66.266,2 Star,Cuyahoga,000316,Community School,Open,5-8,
630,Village Preparatory School Cliffs,REAL PI,65.857,2 Star,Cuyahoga,011291,Community School,Open,K-8,
644,Orchard Park Academy,REAL PI,64.224,2 Star,Cuyahoga,016837,Community School,Open,K-8,
648,STEAM Academy of Warrensville Heights,REAL PI,63.81,2 Star,Cuyahoga,013147,Community School,Open,K-12,
653,Broadway Academy,REAL PI,63.099,2 Star,Cuyahoga,012684,Community School,Open,K-8,
658,Bedford City,REAL PI,62.681,2 Star,Cuyahoga,043562,Public District,Open,K-12,
660,Constellation Schools: Eastside Arts Academy,REAL PI,62.598,2 Star,Cuyahoga,012671,Community School,Open,K-6,
666,Warrensville Heights City,REAL PI,61.846,2 Star,Cuyahoga,045005,Public District,Open,K-12,
668,Noble Academy-Cleveland,REAL PI,61.368,2 Star,Cuyahoga,008278,Community School,Open,K-12,
669,Richmond Heights Local,REAL PI,61.274,2 Star,Cuyahoga,046599,Public District,Open,K-12,
676,Village Preparatory School Willard,REAL PI,60.588,2 Star,Cuyahoga,015722,Community School,Open,K-8,
677,Constellation Schools: Puritas Community Middle,REAL PI,60.442,2 Star,Cuyahoga,000534,Community School,Open,5-8,
685,Horizon Science Academy-Cleveland Middle School,REAL PI,59.944,2 Star,Cuyahoga,000858,Community School,Open,K-12,
686,Constellation Schools: Old Brooklyn Community Middle,REAL PI,59.777,2 Star,Cuyahoga,000321,Community School,Open,5-8,
704,Maple Heights City,REAL PI,58.134,2 Star,Cuyahoga,044305,Public District,Open,K-12,
707,Cleveland Preparatory Academy,REAL PI,57.54,2 Star,Cuyahoga,013199,Community School,Open,K-12,
710,Lincoln Park Academy,REAL PI,57.018,2 Star,Cuyahoga,014065,Community School,Open,K-8,
712,Bella Academy of Excellence,REAL PI,56.723,2 Star,Cuyahoga,011390,Community School,Open,K-6,
716,Constellation Schools: Stockyard Community Elementary,REAL PI,56.516,2 Star,Cuyahoga,143487,Community School,Open,K-6,
717,East Preparatory Academy,REAL PI,56.444,2 Star,Cuyahoga,014147,Community School,Open,K-8,
718,Euclid City,REAL PI,56.363,2 Star,Cuyahoga,043950,Public District,Open,K-12,
719,Horizon Science Acad Cleveland,REAL PI,56.298,2 Star,Cuyahoga,133629,Community School,Open,K-12,
720,Constellation Schools: Old Brooklyn Community Elementary,REAL PI,56.195,2 Star,Cuyahoga,134098,Community School,Open,K-4,
721,Citizens Academy Southeast,REAL PI,56.162,2 Star,Cuyahoga,015261,Community School,Open,K-8,
727,Northeast Ohio College Preparatory School,REAL PI,55.67,2 Star,Cuyahoga,011923,Community School,Open,K-12,
729,Green Inspiration Academy,REAL PI,55.273,2 Star,Cuyahoga,134197,Community School,Open,K-8,
732,Horizon Science Academy-Denison Middle School,REAL PI,54.898,2 Star,Cuyahoga,000838,Community School,Open,K-8,
734,Wings Academy 1,REAL PI,54.651,2 Star,Cuyahoga,000736,Community School,Open,K-8,
737,Cleveland Municipal,REAL PI,54.134,2 Star,Cuyahoga,043786,Public District,Open,K-12,
739,Stepstone Academy,REAL PI,54.061,1 Star,Cuyahoga,013148,Community School,Open,K-5,
746,Euclid Preparatory School,REAL PI,53.447,1 Star,Cuyahoga,015712,Community School,Open,K-8,
752,Lake Erie College Preparatory School,REAL PI,53.102,1 Star,Cuyahoga,013132,Community School,Open,K-12,
759,Citizens Leadership Academy,REAL PI,52.29,1 Star,Cuyahoga,012029,Community School,Closed,K-8,
760,Washington Park Community School,REAL PI,52.135,1 Star,Cuyahoga,133280,Community School,Open,K-8,
762,Cleveland Arts and Social Sciences Academy,REAL PI,51.804,1 Star,Cuyahoga,007995,Community School,Open,K-12,
764,University of Cleveland Preparatory School,REAL PI,51.679,1 Star,Cuyahoga,012541,Community School,Open,K-12,
777,Innovation Academy West,REAL PI,50.37,1 Star,Cuyahoga,143313,Community School,Open,K-8,
779,Ohio College Preparatory School,REAL PI,50.129,1 Star,Cuyahoga,013253,Community School,Open,K-12,
780,Garfield Heights City Schools,REAL PI,50.031,1 Star,Cuyahoga,044040,Public District,Open,K-12,
782,Village Preparatory School Woodland Hills,REAL PI,49.481,1 Star,Cuyahoga,013034,Community School,Open,K-8,
787,Constellation Schools: Westside Community School of the Arts,REAL PI,48.58,1 Star,Cuyahoga,009149,Community School,Open,K-8,
789,West Park Academy,REAL PI,48.357,1 Star,Cuyahoga,014189,Community School,Open,K-8,
798,East Academy,REAL PI,47.492,1 Star,Cuyahoga,014187,Community School,Open,K-12,
799,Summit Academy Community School-Parma,REAL PI,47.491,1 Star,Cuyahoga,000302,Community School,Open,K-12,
801,T2 Honors Academy,REAL PI,47.05,1 Star,Cuyahoga,014904,Community School,Open,7-12,
812,Harvard Avenue Performance Academy,REAL PI,45.725,1 Star,Cuyahoga,008286,Community School,Open,K-8,
814,Constellation Schools: Stockyard Community Middle,REAL PI,45.584,1 Star,Cuyahoga,012025,Community School,Open,7-8,
815,Cleveland College Preparatory School,REAL PI,45.54,1 Star,Cuyahoga,012010,Community School,Open,K-12,
822,The Brilliance School,REAL PI,44.928,1 Star,Cuyahoga,013170,Community School,Open,K-12,
827,SMART Academy,REAL PI,43.478,1 Star,Cuyahoga,016812,Community School,Open,K-4,
828,Constellation Schools: Madison Community Elementary,REAL PI,43.47,1 Star,Cuyahoga,000319,Community School,Open,K-8,
831,East Cleveland City School District,REAL PI,43.275,1 Star,Cuyahoga,043901,Public District,Open,K-12,
832,Citizens Leadership Academy East,REAL PI,43.031,1 Star,Cuyahoga,016843,Community School,Open,K-8,
838,Hope Academy Northcoast,REAL PI,42.348,1 Star,Cuyahoga,142968,Community School,Open,K-8,
7,Versailles Exempted Village,REAL PI,107.025,5 Star,Darke,045633,Public District,Open,K-12,
113,Tri-Village Local,REAL PI,95.084,4 Star,Darke,046680,Public District,Open,K-12,
125,Franklin Monroe Local,REAL PI,94.35,4 Star,Darke,046649,Public District,Open,K-12,
131,Arcanum-Butler Local,REAL PI,94.064,4 Star,Darke,046631,Public District,Open,K-12,
148,Ansonia Local,REAL PI,93.517,4 Star,Darke,046623,Public District,Open,K-12,
285,Mississinawa Valley Local,REAL PI,86.89,4 Star,Darke,046672,Public District,Open,K-12,
415,Greenville City,REAL PI,81.521,3 Star,Darke,044099,Public District,Open,K-12,
48,Hicksville Exempted Village,REAL PI,100.614,5 Star,Defiance,045419,Public District,Open,K-12,
57,Ayersville Local,REAL PI,99.448,5 Star,Defiance,046706,Public District,Open,K-12,
169,Central Local,REAL PI,92.086,4 Star,Defiance,046714,Public District,Open,K-12,
178,Northeastern Local,REAL PI,91.497,4 Star,Defiance,046722,Public District,Open,K-12,
463,Defiance City,REAL PI,79.266,3 Star,Defiance,043869,Public District,Open,K-12,
37,Olentangy Local,REAL PI,102.289,5 Star,Delaware,046763,Public District,Open,K-12,
154,Big Walnut Local,REAL PI,93.108,4 Star,Delaware,046748,Public District,Open,K-12,
226,Buckeye Valley Local,REAL PI,89.69,4 Star,Delaware,046755,Public District,Open,K-12,
315,Delaware City,REAL PI,85.578,3 Star,Delaware,043877,Public District,Open,K-12,
119,Edison Local (formerly Berlin-Milan),REAL PI,94.862,4 Star,Erie,046789,Public District,Open,K-12,
140,Huron City Schools,REAL PI,93.734,4 Star,Erie,044131,Public District,Open,K-12,
286,Vermilion Local,REAL PI,86.869,4 Star,Erie,046821,Public District,Open,K-12,
337,Perkins Local,REAL PI,84.64,3 Star,Erie,046813,Public District,Open,K-12,
400,Margaretta Local,REAL PI,82.027,3 Star,Erie,046805,Public District,Open,K-12,
639,Sandusky City,REAL PI,65.032,2 Star,Erie,044743,Public District,Open,K-12,
711,Monroe Preparatory Academy,REAL PI,56.769,2 Star,Erie,008064,Community School,Open,K-8,
191,Bloom-Carroll Local,REAL PI,91.041,4 Star,Fairfield,046862,Public District,Open,K-12,
240,Pickerington Local,REAL PI,88.838,4 Star,Fairfield,046896,Public District,Open,K-12,
280,Fairfield Union Local,REAL PI,87.077,4 Star,Fairfield,046870,Public District,Open,K-12,
292,Walnut Township Local,REAL PI,86.626,4 Star,Fairfield,046904,Public District,Open,K-12,
373,Berne Union Local,REAL PI,83.449,3 Star,Fairfield,046854,Public District,Open,K-12,
416,Amanda-Clearcreek Local,REAL PI,81.363,3 Star,Fairfield,046847,Public District,Open,K-12,
422,Liberty Union-Thurston Local,REAL PI,81.14,3 Star,Fairfield,046888,Public District,Open,K-12,
499,Lancaster City,REAL PI,77.664,3 Star,Fairfield,044206,Public District,Open,K-12,
261,Miami Trace Local,REAL PI,88.031,4 Star,Fayette,046920,Public District,Open,K-12,
449,Washington Court House City,REAL PI,79.934,3 Star,Fayette,045013,Public District,Open,K-12,
26,New Albany-Plain Local,REAL PI,103.311,5 Star,Franklin,046995,Public District,Open,K-12,
30,Grandview Heights Schools,REAL PI,102.973,5 Star,Franklin,044073,Public District,Open,K-12,
50,Bexley City,REAL PI,100.085,5 Star,Franklin,043620,Public District,Open,K-12,
60,Upper Arlington City,REAL PI,99.367,5 Star,Franklin,044933,Public District,Open,K-12,
98,Dublin City,REAL PI,96.128,4 Star,Franklin,047027,Public District,Open,K-12,
161,Worthington City,REAL PI,92.581,4 Star,Franklin,045138,Public District,Open,K-12,
186,Columbus Preparatory Academy,REAL PI,91.19,4 Star,Franklin,000558,Community School,Open,K-12,
255,Metro Early College High School,REAL PI,88.365,4 Star,Franklin,012391,STEM,Open,6-12,
278,Hilliard City,REAL PI,87.136,4 Star,Franklin,047019,Public District,Open,K-12,
294,Cornerstone Academy Community School,REAL PI,86.561,3 Star,Franklin,133439,Community School,Open,K-12,
299,Westerville City,REAL PI,86.13,4 Star,Franklin,045047,Public District,Open,K-12,
307,Gahanna-Jefferson City,REAL PI,85.994,4 Star,Franklin,046961,Public District,Open,K-12,
326,Canal Winchester Local,REAL PI,85.122,3 Star,Franklin,046946,Public District,Open,K-12,
379,Hamilton Local,REAL PI,83.103,3 Star,Franklin,046953,Public District,Open,K-12,
441,Arts & College Preparatory Academy,REAL PI,80.423,3 Star,Franklin,143610,Community School,Open,7-12,
516,South-Western City,REAL PI,76.368,3 Star,Franklin,044800,Public District,Open,K-12,
557,Focus Learning Academy of Central Columbus,5,73.571,NR,Franklin,019235,Community School,Open,K-8,
559,Horizon Science Academy Columbus,REAL PI,73.391,2 Star,Franklin,133660,Community School,Open,9-12,
564,Midnimo Cross Cultural Community School,REAL PI,73.092,2 Star,Franklin,000780,Community School,Open,6-8,
568,Oakstone Community School,REAL PI,72.603,2 Star,Franklin,000679,Community School,Open,"K,1-12,UNG,SN",
570,Reynoldsburg City,REAL PI,72.322,2 Star,Franklin,047001,Public District,Open,K-12,
580,Patriot Preparatory Academy,REAL PI,71.202,2 Star,Franklin,012045,Community School,Open,K-12,
582,Cesar Chavez College Preparatory School,REAL PI,70.794,2 Star,Franklin,010036,Community School,Open,K-12,
591,United Preparatory Academy,REAL PI,69.84,2 Star,Franklin,014467,Community School,Open,K-5,
609,International Acad Of Columbus,REAL PI,68.291,2 Star,Franklin,143172,Community School,Open,K-10,
611,Columbus Collegiate Academy - West,REAL PI,68.035,2 Star,Franklin,012951,Community School,Open,6-8,
612,Focus Learning Academy of Northern Columbus,REAL PI,67.856,2 Star,Franklin,142943,Community School,Open,K-8,
615,Groveport Madison Local,REAL PI,67.255,2 Star,Franklin,046979,Public District,Open,K-12,
631,"Columbus Humanities, Arts and Technology Academy",REAL PI,65.758,2 Star,Franklin,000553,Community School,Open,K-12,
634,Whitehall City,REAL PI,65.372,2 Star,Franklin,045070,Public District,Open,K-12,
635,Horizon Science Academy Elementary School,REAL PI,65.21,2 Star,Franklin,009990,Community School,Open,K-5,
640,Westside Academy,REAL PI,64.957,2 Star,Franklin,000875,Community School,Open,K-8,
641,South Columbus Preparatory Academy at Southfield,REAL PI,64.776,2 Star,Franklin,019200,Community School,Open,K-8,
649,Noble Academy-Columbus,REAL PI,63.766,2 Star,Franklin,008280,Community School,Open,K-12,
650,Charles School at Ohio Dominican University,REAL PI,63.742,2 Star,Franklin,007999,Community School,Open,9-12,
659,Columbus Collegiate Academy,REAL PI,62.616,2 Star,Franklin,009122,Community School,Open,6-8,
663,Groveport Community School,REAL PI,62.463,2 Star,Franklin,008287,Community School,Open,K-8,
667,South Scioto Academy,REAL PI,61.424,2 Star,Franklin,008281,Community School,Open,K-12,
674,Zenith Academy,REAL PI,60.925,2 Star,Franklin,000725,Community School,Open,K-12,
678,KIPP Columbus,REAL PI,60.43,2 Star,Franklin,009997,Community School,Open,K-12,
689,Educational Academy for Boys & Girls,REAL PI,59.426,2 Star,Franklin,000779,Community School,Open,K-12,
690,United Preparatory Academy East,REAL PI,59.396,2 Star,Franklin,016858,Community School,Open,K-5,
693,Horizon Science Academy Primary,1A,59.029,NR,Franklin,017123,Community School,Open,K-3,
694,Zenith Academy East,REAL PI,59.027,2 Star,Franklin,012009,Community School,Open,K-8,
697,Columbus Performance Academy,REAL PI,58.773,2 Star,Franklin,012011,Community School,Open,K-12,
701,Horizon Science Academy Columbus Middle School,REAL PI,58.604,2 Star,Franklin,009179,Community School,Open,6-8,
702,Great River Connections Academy,REAL PI,58.529,2 Star,Franklin,017233,Community School,Open,K-12,
703,Performance Academy Eastland,REAL PI,58.187,2 Star,Franklin,010182,Community School,Open,K-12,
705,South Columbus Preparatory Academy at German Village,REAL PI,57.848,2 Star,Franklin,016829,Community School,Open,K-8,
706,Columbus Bilingual Academy-North,REAL PI,57.746,2 Star,Franklin,011468,Community School,Open,K-8,
708,"Graham School, The",REAL PI,57.226,2 Star,Franklin,133421,Community School,Open,9-12,
723,Whitehall Preparatory and Fitness Academy,REAL PI,55.977,2 Star,Franklin,000509,Community School,Open,K-8,
728,Columbus Preparatory and Fitness Academy,REAL PI,55.662,2 Star,Franklin,000952,Community School,Open,K-8,
731,Columbus Arts & Technology Academy,REAL PI,55.064,2 Star,Franklin,000557,Community School,Open,K-12,
738,Columbus City Schools District,REAL PI,54.07,2 Star,Franklin,043802,Public District,Open,K-12,
745,Eastland Preparatory Academy,REAL PI,53.483,1 Star,Franklin,014090,Community School,Open,K-12,
747,Eagle Charter Schools of Ohio,REAL PI,53.438,1 Star,Franklin,019533,Community School,Open,K-5,
750,Great Western Academy,REAL PI,53.256,1 Star,Franklin,143198,Community School,Open,K-8,
761,Kids Care Elementary,REAL PI,52.048,1 Star,Franklin,016836,Community School,Open,K-5,
766,Northland Preparatory and Fitness Academy,REAL PI,51.423,1 Star,Franklin,000511,Community School,Open,K-8,
774,Graham Elementary and Middle School,REAL PI,50.435,1 Star,Franklin,011972,Community School,Open,K-8,
784,Millennium Community School,REAL PI,49.003,1 Star,Franklin,133561,Community School,Open,K-8,
786,Summit Academy Transition High School-Columbus,REAL PI,48.63,1 Star,Franklin,000614,Community School,Open,9-12,
790,A+ Children's Academy,REAL PI,48.315,1 Star,Franklin,013232,Community School,Open,K-6,
794,Zenith Academy West,REAL PI,48.008,1 Star,Franklin,015234,Community School,Open,K-8,
796,Sullivant Avenue Community School,REAL PI,47.731,1 Star,Franklin,009953,Community School,Open,K-6,
800,Capital Collegiate Preparatory Academy,REAL PI,47.45,1 Star,Franklin,017537,Community School,Open,K-8,
806,Imagine Columbus Primary School,REAL PI,46.722,1 Star,Franklin,014139,Community School,Open,K-6,
810,Central Point Preparatory Academy,REAL PI,45.924,1 Star,Franklin,019199,Community School,Open,K-8,
825,Summit Academy Community School-Columbus,REAL PI,44.545,1 Star,Franklin,000296,Community School,Open,K-5,
826,A+ Arts Academy,REAL PI,44.263,1 Star,Franklin,000556,Community School,Open,K-8,
841,"Valor Academy, Inc.",REAL PI,41.419,1 Star,Franklin,019212,Community School,Open,4-8,
843,The Bessie Sherrod Price Preparatory Academy,REAL PI,40.614,1 Star,Franklin,011439,Community School,Open,K-8,
845,Summit Academy Middle School - Columbus,REAL PI,39.765,1 Star,Franklin,000610,Community School,Open,6-8,
847,Westwood Preparatory Academy,1A,39.256,NR,Franklin,015741,Community School,Open,K-12,
853,North Columbus Preparatory Academy,REAL PI,37.117,1 Star,Franklin,017538,Community School,Open,K-8,
855,Bridge Gate Community School,REAL PI,36.146,1 Star,Franklin,015710,Community School,Open,K-12,
859,East Bridge Academy of Excellence,REAL PI,25,1 Star,Franklin,000938,Community School,Open,K-8,
77,Archbold-Area Local,REAL PI,97.811,5 Star,Fulton,047043,Public District,Open,K-12,
85,Pettisville Local,REAL PI,97.49,5 Star,Fulton,047076,Public District,Open,K-12,
114,Evergreen Local,REAL PI,95.055,4 Star,Fulton,047050,Public District,Open,K-12,
126,Pike-Delta-York Local,REAL PI,94.299,4 Star,Fulton,047084,Public District,Open,K-12,
152,Swanton Local,REAL PI,93.26,4 Star,Fulton,047092,Public District,Open,K-12,
206,Wauseon Exempted Village,REAL PI,90.286,4 Star,Fulton,045641,Public District,Open,K-12,
453,Fayette Local,REAL PI,79.842,3 Star,Fulton,047068,Public District,Open,K-12,
551,Gallia County Local,REAL PI,74.268,2 Star,Gallia,065680,Public District,Open,K-12,
558,Gallipolis City,REAL PI,73.477,2 Star,Gallia,044032,Public District,Open,K-12,
10,West Geauga Local,REAL PI,106.667,5 Star,Geauga,047225,Public District,Open,K-12,
28,Kenston Local,REAL PI,103.078,5 Star,Geauga,047191,Public District,Open,K-12,
70,Chardon Local,REAL PI,98.17,5 Star,Geauga,047183,Public District,Open,K-12,
378,Cardinal Local,REAL PI,83.248,3 Star,Geauga,047175,Public District,Open,K-12,
384,Berkshire Local,REAL PI,82.795,3 Star,Geauga,047167,Public District,Open,K-12,
44,Bellbrook-Sugarcreek Local,REAL PI,100.919,5 Star,Greene,047274,Public District,Open,K-12,
90,Beavercreek City,REAL PI,97.135,5 Star,Greene,047241,Public District,Open,K-12,
104,Cedar Cliff Local,REAL PI,95.691,4 Star,Greene,047258,Public District,Open,K-12,
275,Yellow Springs Exempted Village,REAL PI,87.307,4 Star,Greene,045674,Public District,Open,K-12,
287,Greeneview Local,REAL PI,86.83,4 Star,Greene,047266,Public District,Open,K-12,
505,Xenia Community City,REAL PI,77.405,3 Star,Greene,045153,Public District,Open,K-12,
518,Fairborn City,REAL PI,76.279,3 Star,Greene,043968,Public District,Open,K-12,
805,Summit Academy Community School Alternative Learners -Xenia,REAL PI,46.812,1 Star,Greene,132761,Community School,Open,K-12,
489,East Guernsey Local,REAL PI,78.107,3 Star,Guernsey,069682,Public District,Open,K-12,
530,Rolling Hills Local,REAL PI,75.68,3 Star,Guernsey,047308,Public District,Open,K-12,
610,Cambridge City,REAL PI,68.19,2 Star,Guernsey,043695,Public District,Open,K-12,
4,Mariemont City,REAL PI,107.904,5 Star,Hamilton,044313,Public District,Open,K-12,
12,Madeira City,REAL PI,105.935,5 Star,Hamilton,044289,Public District,Open,K-12,
20,Indian Hill Exempted Village,REAL PI,104.311,5 Star,Hamilton,045435,Public District,Open,K-12,
22,Sycamore Community City,REAL PI,103.951,5 Star,Hamilton,044867,Public District,Open,K-12,
27,Wyoming City,REAL PI,103.303,5 Star,Hamilton,045146,Public District,Open,K-12,
52,Forest Hills Local,REAL PI,99.965,5 Star,Hamilton,047340,Public District,Open,K-12,
59,Loveland City,REAL PI,99.428,5 Star,Hamilton,044271,Public District,Open,K-12,
202,Three Rivers Local,REAL PI,90.457,4 Star,Hamilton,047399,Public District,Open,K-12,
211,Oak Hills Local,REAL PI,90.227,4 Star,Hamilton,047373,Public District,Open,K-12,
301,Southwest Local,REAL PI,86.111,4 Star,Hamilton,047381,Public District,Open,K-12,
358,T.C.P. World Academy,REAL PI,83.924,3 Star,Hamilton,133330,Community School,Open,K-8,
436,Deer Park Community City,REAL PI,80.527,3 Star,Hamilton,043851,Public District,Open,K-12,
503,Reading Community City,REAL PI,77.537,3 Star,Hamilton,044693,Public District,Open,K-12,
517,Norwood City,REAL PI,76.34,3 Star,Hamilton,044578,Public District,Open,K-12,
546,Princeton City,REAL PI,74.538,2 Star,Hamilton,044677,Public District,Open,K-12,
560,St Bernard-Elmwood Place City,REAL PI,73.319,2 Star,Hamilton,044719,Public District,Open,K-12,
574,Northwest Local,REAL PI,71.922,2 Star,Hamilton,047365,Public District,Open,K-12,
592,Hamilton Cnty Math & Science,REAL PI,69.478,2 Star,Hamilton,143602,Community School,Open,"P,K-8",
616,Finneytown Local,REAL PI,67.214,2 Star,Hamilton,047332,Public District,Open,K-12,
661,Alliance Academy of Cincinnati,REAL PI,62.53,2 Star,Hamilton,000139,Community School,Open,K-8,
671,Cincinnati College Preparatory Academy,REAL PI,61.174,2 Star,Hamilton,133512,Community School,Open,K-12,
681,Cincinnati Public Schools,REAL PI,60.158,2 Star,Hamilton,043752,Public District,Open,K-12,
695,Winton Woods City,REAL PI,58.989,2 Star,Hamilton,044081,Public District,Open,K-12,
709,ReGeneration Bond Hill,REAL PI,57.097,2 Star,Hamilton,017490,Community School,Open,K-4,
714,Mt. Healthy Preparatory and Fitness Academy,REAL PI,56.653,2 Star,Hamilton,000953,Community School,Open,"K,1-8,SN",
744,North College Hill City,REAL PI,53.576,2 Star,Hamilton,044511,Public District,Open,K-12,
757,Mt Healthy City,REAL PI,52.576,1 Star,Hamilton,044412,Public District,Open,K-12,
768,Mount Auburn Preparatory Academy,REAL PI,51.193,1 Star,Hamilton,017274,Community School,Open,K-12,
773,Dublin Preparatory Academy dba Northside Preparatory Academy,REAL PI,50.455,1 Star,Hamilton,019227,Community School,Open,K-8,
785,Orion Academy,REAL PI,48.905,1 Star,Hamilton,000559,Community School,Open,K-8,
791,Lockland Local,REAL PI,48.313,1 Star,Hamilton,044230,Public District,Open,K-12,
792,Riverside Academy,REAL PI,48.138,1 Star,Hamilton,133678,Community School,Open,K-12,
802,Horizon Science Academy-Cincinnati,REAL PI,47,1 Star,Hamilton,000804,Community School,Open,K-8,
817,Summit Academy Transition High School-Cincinnati,REAL PI,45.341,1 Star,Hamilton,000608,Community School,Open,8-12,
837,Cincinnati Technology Academy,REAL PI,42.372,1 Star,Hamilton,013864,Community School,Open,K-12,
842,Phoenix Community Learning Ctr,REAL PI,40.725,1 Star,Hamilton,133504,Community School,Open,K-8,
846,Summit Academy Community School - Cincinnati,REAL PI,39.549,1 Star,Hamilton,000306,Community School,Open,K-8,
852,Cincinnati Achievement Academy,REAL PI,37.373,1 Star,Hamilton,016850,Community School,Open,K-8,
854,Elevated Excellence Academy,REAL PI,36.398,1 Star,Hamilton,000576,Community School,Open,K-8,
858,Dampe Community School,REAL PI,30.192,1 Star,Hamilton,017212,Community School,Open,K-8,
NC,Citizens of the World Charter Schools - Cincinnati,UNRANKED,NC,NR,Hamilton,019452,Community School,Open,K-6,
51,Liberty-Benton Local,REAL PI,99.979,5 Star,Hancock,047449,Public District,Open,K-12,
133,Van Buren Local,REAL PI,93.892,4 Star,Hancock,047464,Public District,Open,K-12,
158,Arcadia Local,REAL PI,92.834,4 Star,Hancock,047415,Public District,Open,K-12,
163,Arlington Local,REAL PI,92.404,4 Star,Hancock,047423,Public District,Open,K-12,
314,McComb Local,REAL PI,85.665,3 Star,Hancock,047456,Public District,Open,K-12,
338,Vanlue Local,REAL PI,84.606,3 Star,Hancock,047472,Public District,Open,K-12,
395,Findlay City,REAL PI,82.286,3 Star,Hancock,043984,Public District,Open,K-12,
428,Cory-Rawson Local,REAL PI,80.801,3 Star,Hancock,047431,Public District,Open,K-12,
440,Riverdale Local,REAL PI,80.484,3 Star,Hancock,047514,Public District,Open,K-12,
192,Ada Exempted Village,REAL PI,91.016,4 Star,Hardin,045187,Public District,Open,K-12,
260,Hardin Northern Local,REAL PI,88.063,4 Star,Hardin,047498,Public District,Open,K-12,
429,Ridgemont Local,REAL PI,80.797,3 Star,Hardin,047506,Public District,Open,K-12,
541,Kenton City,REAL PI,75.075,3 Star,Hardin,044172,Public District,Open,K-12,
555,Upper Scioto Valley Local,REAL PI,73.665,2 Star,Hardin,047522,Public District,Open,K-12,
547,Conotton Valley Union Local,REAL PI,74.471,2 Star,Harrison,047548,Public District,Open,K-12,
565,Harrison Hills City,REAL PI,73.005,2 Star,Harrison,045245,Public District,Open,K-12,
651,Lakeland Academy Community School,REAL PI,63.723,2 Star,Harrison,011511,Community School,Open,"K-12,P",
130,Liberty Center Local,REAL PI,94.083,4 Star,Henry,047589,Public District,Open,K-12,
141,Patrick Henry Local,REAL PI,93.724,4 Star,Henry,047597,Public District,Open,K-12,
174,Holgate Local,REAL PI,91.856,4 Star,Henry,047571,Public District,Open,K-12,
175,Napoleon Area City,REAL PI,91.764,4 Star,Henry,044438,Public District,Open,K-12,
149,Lynchburg-Clay Local,REAL PI,93.39,4 Star,Highland,047639,Public District,Open,K-12,
177,Fairfield Local,REAL PI,91.627,4 Star,Highland,047621,Public District,Open,K-12,
256,Hillsboro City,REAL PI,88.324,4 Star,Highland,044123,Public District,Open,K-12,
288,Bright Local,REAL PI,86.732,4 Star,Highland,047613,Public District,Open,K-12,
417,Greenfield Exempted Village,REAL PI,81.361,3 Star,Highland,045401,Public District,Open,K-12,
312,Logan-Hocking Local,REAL PI,85.775,4 Star,Hocking,044248,Public District,Open,K-12,
81,East Holmes Local,REAL PI,97.701,5 Star,Holmes,047688,Public District,Open,K-12,
271,West Holmes Local,REAL PI,87.544,4 Star,Holmes,047696,Public District,Open,K-12,
242,Bellevue City,REAL PI,88.74,4 Star,Huron,043596,Public District,Open,K-12,
309,Norwalk City,REAL PI,85.805,4 Star,Huron,044560,Public District,Open,K-12,
327,South Central Local,REAL PI,85.07,3 Star,Huron,047738,Public District,Open,K-12,
392,Western Reserve Local,REAL PI,82.343,3 Star,Huron,047746,Public District,Open,K-12,
471,New London Local,REAL PI,79.048,3 Star,Huron,047720,Public District,Open,K-12,
478,Monroeville Local,REAL PI,78.685,3 Star,Huron,047712,Public District,Open,K-12,
552,Willard City,REAL PI,73.971,2 Star,Huron,045096,Public District,Open,K-12,
250,Jackson City,REAL PI,88.422,4 Star,Jackson,044156,Public District,Open,K-12,
305,Oak Hill Union Local,REAL PI,86.044,4 Star,Jackson,047761,Public District,Open,K-12,
561,Wellston City,REAL PI,73.267,2 Star,Jackson,045021,Public District,Open,K-12,
58,Steubenville City,REAL PI,99.446,5 Star,Jefferson,044826,Public District,Open,K-12,
396,Toronto City,REAL PI,82.28,3 Star,Jefferson,044917,Public District,Open,K-12,
426,Edison Local,REAL PI,80.947,3 Star,Jefferson,047795,Public District,Open,K-12,
515,Buckeye Local,REAL PI,76.501,3 Star,Jefferson,047787,Public District,Open,K-12,
538,Indian Creek Local,REAL PI,75.327,3 Star,Jefferson,047803,Public District,Open,K-12,
155,Fredericktown Local,REAL PI,93.069,4 Star,Knox,047852,Public District,Open,K-12,
239,Centerburg Local,REAL PI,88.939,4 Star,Knox,047829,Public District,Open,K-12,
259,Mount Vernon City,REAL PI,88.123,4 Star,Knox,044420,Public District,Open,K-12,
375,Danville Local,REAL PI,83.389,3 Star,Knox,047837,Public District,Open,K-12,
442,East Knox Local,REAL PI,80.31,3 Star,Knox,047845,Public District,Open,K-12,
79,iSTEM Geauga Early College High School,REAL PI,97.723,4 Star,Lake,015329,STEM,Open,6-12,
84,Kirtland Local,REAL PI,97.546,5 Star,Lake,047878,Public District,Open,K-12,
213,Perry Local,REAL PI,90.216,4 Star,Lake,047902,Public District,Open,K-12,
245,Mentor Exempted Village,REAL PI,88.632,4 Star,Lake,045492,Public District,Open,K-12,
289,Riverside Local,REAL PI,86.642,4 Star,Lake,047894,Public District,Open,K-12,
382,Madison Local,REAL PI,82.878,3 Star,Lake,047886,Public District,Open,K-12,
456,Wickliffe City,REAL PI,79.756,3 Star,Lake,045088,Public District,Open,K-12,
487,Willoughby-Eastlake City,REAL PI,78.239,3 Star,Lake,045104,Public District,Open,K-12,
637,Painesville City Local,REAL PI,65.107,2 Star,Lake,044628,Public District,Open,K-12,
675,Fairport Harbor Exempted Village,REAL PI,60.832,2 Star,Lake,045369,Public District,Open,K-12,
808,Summit Academy Community School - Painesville,REAL PI,46.098,1 Star,Lake,000629,Community School,Open,K-8,
120,Tri-State STEM+M Early College High School,REAL PI,94.8,4 Star,Lawrence,015344,STEM,Open,9-12,
322,Fairland Local,REAL PI,85.24,3 Star,Lawrence,047936,Public District,Open,K-12,
418,Dawson-Bryant Local,REAL PI,81.269,3 Star,Lawrence,047928,Public District,Open,K-12,
427,Symmes Valley Local,REAL PI,80.926,3 Star,Lawrence,047969,Public District,Open,K-12,
461,Ironton City School District,REAL PI,79.467,3 Star,Lawrence,044149,Public District,Open,K-12,
462,Chesapeake Union Exempted Village,REAL PI,79.344,3 Star,Lawrence,045294,Public District,Open,K-12,
509,Rock Hill Local,REAL PI,76.953,3 Star,Lawrence,047944,Public District,Open,K-12,
521,South Point Local,REAL PI,76.039,3 Star,Lawrence,047951,Public District,Open,K-12,
13,Granville Exempted Village,REAL PI,105.574,5 Star,Licking,045393,Public District,Open,K-12,
168,Johnstown-Monroe Local,REAL PI,92.181,4 Star,Licking,047985,Public District,Open,K-12,
223,Heath City,REAL PI,89.794,4 Star,Licking,044115,Public District,Open,K-12,
274,Par Excellence Academy,REAL PI,87.345,4 Star,Licking,000941,Community School,Open,K-6,
279,Southwest Licking Local,REAL PI,87.122,4 Star,Licking,048041,Public District,Open,K-12,
357,Northridge Local,REAL PI,83.977,3 Star,Licking,048033,Public District,Open,K-12,
403,Lakewood Local,REAL PI,81.936,3 Star,Licking,047993,Public District,Open,K-12,
412,Licking Heights Local,REAL PI,81.578,3 Star,Licking,048009,Public District,Open,K-12,
439,Licking Valley Local,REAL PI,80.485,3 Star,Licking,048017,Public District,Open,K-12,
443,North Fork Local,REAL PI,80.206,3 Star,Licking,048025,Public District,Open,K-12,
488,Newark City,REAL PI,78.115,3 Star,Licking,044453,Public District,Open,K-12,
187,Benjamin Logan Local,REAL PI,91.184,4 Star,Logan,048074,Public District,Open,K-12,
194,Indian Lake Local,REAL PI,90.919,4 Star,Logan,048082,Public District,Open,K-12,
291,Riverside Local,REAL PI,86.638,4 Star,Logan,048090,Public District,Open,K-12,
342,Bellefontaine City,REAL PI,84.484,3 Star,Logan,043588,Public District,Open,K-12,
42,Avon Local,REAL PI,101.123,5 Star,Lorain,048116,Public District,Open,K-12,
53,Avon Lake City,REAL PI,99.577,5 Star,Lorain,048124,Public District,Open,K-12,
128,Columbia Local,REAL PI,94.163,4 Star,Lorain,048140,Public District,Open,K-12,
193,Amherst Exempted Village,REAL PI,90.975,4 Star,Lorain,045195,Public District,Open,K-12,
224,Firelands Local,REAL PI,89.758,4 Star,Lorain,048157,Public District,Open,K-12,
230,Keystone Local,REAL PI,89.451,4 Star,Lorain,048165,Public District,Open,K-12,
241,North Ridgeville City,REAL PI,88.778,4 Star,Lorain,044537,Public District,Open,K-12,
258,Midview Local,REAL PI,88.151,4 Star,Lorain,048173,Public District,Open,K-12,
346,Sheffield-Sheffield Lake City,REAL PI,84.31,3 Star,Lorain,044768,Public District,Open,K-12,
438,Oberlin City Schools,REAL PI,80.507,3 Star,Lorain,044594,Public District,Open,K-12,
447,Wellington Exempted Village,REAL PI,79.987,3 Star,Lorain,045658,Public District,Open,K-12,
573,Constellation Schools: Elyria Community,REAL PI,71.985,2 Star,Lorain,132969,Community School,Open,K-8,
588,Clearview Local,REAL PI,70.372,2 Star,Lorain,048132,Public District,Open,K-12,
636,Elyria City Schools,REAL PI,65.191,2 Star,Lorain,043943,Public District,Open,K-12,
642,Horizon Science Academy Lorain,REAL PI,64.561,2 Star,Lorain,011533,Community School,Open,K-12,
652,Constellation Schools: Lorain Community Elementary,REAL PI,63.692,2 Star,Lorain,132951,Community School,Open,K-4,
724,Constellation Schools: Lorain Community Middle,REAL PI,55.869,2 Star,Lorain,000320,Community School,Open,5-8,
743,Lorain Preparatory Academy,REAL PI,53.724,1 Star,Lorain,008000,Community School,Open,K-8,
749,Lorain City,REAL PI,53.32,1 Star,Lorain,044263,Public District,Open,K-12,
763,Summit Academy School - Lorain,REAL PI,51.783,1 Star,Lorain,000609,Community School,Open,6-12,
803,Lorain Bilingual Preparatory Academy,REAL PI,46.959,1 Star,Lorain,017270,Community School,Open,K-8,
840,Summit Academy Community School Alternative Learners-Lorain,REAL PI,41.453,1 Star,Lorain,133322,Community School,Open,K-5,
14,Ottawa Hills Local,REAL PI,105.263,5 Star,Lucas,048215,Public District,Open,K-12,
56,Anthony Wayne Local,REAL PI,99.482,5 Star,Lucas,048207,Public District,Open,K-12,
156,Sylvania Schools,REAL PI,92.956,4 Star,Lucas,044875,Public District,Open,K-12,
225,Maumee City,REAL PI,89.722,4 Star,Lucas,044362,Public District,Open,K-12,
380,Oregon City,REAL PI,83.082,3 Star,Lucas,044602,Public District,Open,K-12,
466,Springfield Local,REAL PI,79.247,3 Star,Lucas,048223,Public District,Open,K-12,
490,Toledo School For The Arts,REAL PI,78.073,3 Star,Lucas,133942,Community School,Open,6-12,
514,Northwest Ohio Classical Academy,REAL PI,76.749,3 Star,Lucas,017498,Community School,Open,K-11,
556,Washington Local,REAL PI,73.655,2 Star,Lucas,048231,Public District,Open,K-12,
593,Horizon Science Academy-Springfield,REAL PI,69.472,2 Star,Lucas,000825,Community School,Open,K-8,
594,Bennett Venture Academy,REAL PI,69.426,2 Star,Lucas,000843,Community School,Open,K-8,
617,Wildwood Environmental Academy,REAL PI,66.961,2 Star,Lucas,000222,Community School,Open,K-12,
629,Western Toledo Preparatory Academy,REAL PI,66.158,2 Star,Lucas,019511,Community School,Open,K-8,
633,Horizon Science Academy Toledo,REAL PI,65.554,2 Star,Lucas,000338,Community School,Open,K-12,
655,L. Hollingworth School for Talented and Gifted,REAL PI,62.903,2 Star,Lucas,010205,Community School,Open,K-12,
656,Discovery Academy,REAL PI,62.799,2 Star,Lucas,014188,Community School,Open,K-6,
657,Toledo Preparatory and Fitness Academy,REAL PI,62.692,2 Star,Lucas,000951,Community School,Open,K-8,
664,Ohio Virtual Academy,REAL PI,62.382,2 Star,Lucas,142950,Community School,Open,K-12,
670,Winterfield Venture Academy,REAL PI,61.254,2 Star,Lucas,000546,Community School,Open,K-8,
740,Toledo City,REAL PI,53.819,2 Star,Lucas,044909,Public District,Open,K-12,
741,Hope Learning Academy of Toledo,REAL PI,53.78,1 Star,Lucas,014091,Community School,Open,K-12,
742,Central Academy of Ohio,REAL PI,53.774,1 Star,Lucas,009164,Community School,Open,K-12,
772,iLEAD Spring Meadows,REAL PI,50.756,1 Star,Lucas,015736,Community School,Open,K-8,
795,Rise & Shine Academy,REAL PI,47.986,1 Star,Lucas,013999,Community School,Open,K-7,
804,Ann Jerkins-Harris Academy of Excellence,REAL PI,46.932,1 Star,Lucas,013195,Community School,Open,K-6,
813,The Autism Academy Of Learning,1A,45.714,NR,Lucas,143297,Community School,Open,"K,1-12,UNG",
821,Explorers Academy of Science and Technology,REAL PI,44.933,1 Star,Lucas,019474,Community School,Open,K-6,
823,Kenmore Preparatory Academy dba Toledo Preparatory Academy,REAL PI,44.745,1 Star,Lucas,017536,Community School,Open,K-8,
824,"Maritime Academy of Toledo, The",REAL PI,44.645,1 Star,Lucas,000770,Community School,Open,5-12,
833,Imagine Environmental Science Academy,REAL PI,42.752,1 Star,Lucas,013173,Community School,Open,K-12,
835,SunBridge Schools,REAL PI,42.638,1 Star,Lucas,013175,Community School,Open,K-12,
836,Summit Academy - Toledo,REAL PI,42.563,1 Star,Lucas,000301,Community School,Open,K-12,
848,Madison Avenue School of Arts,REAL PI,38.872,1 Star,Lucas,009955,Community School,Open,K-6,
857,Autism Model School,REAL PI,31.842,1 Star,Lucas,134122,Community School,Open,"K,1-12,UNG,SN",
164,Jonathan Alder Local,REAL PI,92.387,4 Star,Madison,048264,Public District,Open,K-12,
262,Madison-Plains Local,REAL PI,87.959,4 Star,Madison,048272,Public District,Open,K-12,
393,Jefferson Local,REAL PI,82.32,3 Star,Madison,048256,Public District,Open,K-12,
510,London City,REAL PI,76.911,3 Star,Madison,044255,Public District,Open,K-12,
31,Canfield Local,REAL PI,102.835,5 Star,Mahoning,048314,Public District,Open,K-12,
43,South Range Local,REAL PI,101.046,5 Star,Mahoning,048363,Public District,Open,K-12,
97,Western Reserve Local,REAL PI,96.241,4 Star,Mahoning,048397,Public District,Open,K-12,
117,Poland Local,REAL PI,94.923,4 Star,Mahoning,048348,Public District,Open,K-12,
143,Springfield Local,REAL PI,93.647,4 Star,Mahoning,048371,Public District,Open,K-12,
157,Jackson-Milton Local,REAL PI,92.894,4 Star,Mahoning,048322,Public District,Open,K-12,
183,West Branch Local,REAL PI,91.232,4 Star,Mahoning,048389,Public District,Open,K-12,
201,Boardman Local,REAL PI,90.628,4 Star,Mahoning,048306,Public District,Open,K-12,
209,Austintown Local Schools,REAL PI,90.258,4 Star,Mahoning,048298,Public District,Open,K-12,
402,Lowellville Local,REAL PI,81.937,3 Star,Mahoning,048330,Public District,Open,K-12,
481,Struthers City,REAL PI,78.616,3 Star,Mahoning,044859,Public District,Open,K-12,
493,Sebring Local,REAL PI,77.946,3 Star,Mahoning,048355,Public District,Open,K-12,
500,Valley STEM+ME2 Academy,REAL PI,77.637,3 Star,Mahoning,014943,STEM,Open,9-10,
606,Campbell City,REAL PI,68.54,2 Star,Mahoning,043703,Public District,Open,K-12,
632,Horizon Science Academy Youngstown,REAL PI,65.704,2 Star,Mahoning,011986,Community School,Open,K-12,
687,Youngstown Community School,REAL PI,59.647,2 Star,Mahoning,134072,Community School,Open,K-8,
722,Stambaugh Charter Academy,REAL PI,56.145,2 Star,Mahoning,000855,Community School,Open,K-8,
730,Southside Academy,REAL PI,55.258,2 Star,Mahoning,012105,Community School,Open,K-12,
736,Youngstown Academy of Excellence,REAL PI,54.362,1 Star,Mahoning,007984,Community School,Open,K-8,
793,Youngstown City,REAL PI,48.122,1 Star,Mahoning,045161,Public District,Open,K-12,
811,Summit Academy-Youngstown,REAL PI,45.86,1 Star,Mahoning,000623,Community School,Open,K-7,
844,Summit Academy Secondary - Youngstown,REAL PI,40.054,1 Star,Mahoning,000303,Community School,Open,8-12,
856,Youngstown Preparatory Academy,REAL PI,34.444,1 Star,Mahoning,019450,Community School,Open,K-8,
334,River Valley Local,REAL PI,84.742,3 Star,Marion,048447,Public District,Open,K-12,
388,Pleasant Local,REAL PI,82.686,3 Star,Marion,048421,Public District,Open,K-12,
410,Elgin Local,REAL PI,81.605,3 Star,Marion,048413,Public District,Open,K-12,
502,Ridgedale Local,REAL PI,77.547,3 Star,Marion,048439,Public District,Open,K-12,
614,Marion Preparatory Academy,REAL PI,67.321,2 Star,Marion,017585,Community School,Open,K-9,
673,Marion City,REAL PI,60.969,2 Star,Marion,044339,Public District,Open,K-12,
36,Highland Local,REAL PI,102.435,5 Star,Medina,048496,Public District,Open,K-12,
106,Medina City SD,REAL PI,95.576,4 Star,Medina,044388,Public District,Open,K-12,
115,Wadsworth City,REAL PI,94.941,4 Star,Medina,044974,Public District,Open,K-12,
134,Buckeye Local,REAL PI,93.878,4 Star,Medina,048470,Public District,Open,K-12,
188,Cloverleaf Local,REAL PI,91.147,4 Star,Medina,048488,Public District,Open,K-12,
228,Brunswick City,REAL PI,89.476,4 Star,Medina,043661,Public District,Open,K-12,
311,Black River Local,REAL PI,85.791,4 Star,Medina,048462,Public District,Open,K-12,
419,Southern Local,REAL PI,81.262,3 Star,Meigs,048538,Public District,Open,K-12,
450,Eastern Local,REAL PI,79.924,3 Star,Meigs,048512,Public District,Open,K-12,
626,Meigs Local,REAL PI,66.207,2 Star,Meigs,048520,Public District,Open,K-12,
5,Marion Local,REAL PI,107.757,5 Star,Mercer,048553,Public District,Open,K-12,
18,St Henry Consolidated Local,REAL PI,104.753,5 Star,Mercer,048587,Public District,Open,K-12,
34,Fort Recovery Local,REAL PI,102.73,5 Star,Mercer,048595,Public District,Open,K-12,
62,Coldwater Exempted Village,REAL PI,98.918,5 Star,Mercer,045310,Public District,Open,K-12,
164,Parkway Local,REAL PI,92.387,4 Star,Mercer,048579,Public District,Open,K-12,
328,Celina City,REAL PI,84.972,3 Star,Mercer,043729,Public District,Open,K-12,
55,Miami East Local,REAL PI,99.496,5 Star,Miami,048629,Public District,Open,K-12,
65,Newton Local,REAL PI,98.75,5 Star,Miami,048637,Public District,Open,K-12,
87,Tipp City Exempted Village,REAL PI,97.393,5 Star,Miami,045617,Public District,Open,K-12,
215,Covington Exempted Village,REAL PI,90.181,4 Star,Miami,045336,Public District,Open,K-12,
222,Bethel Local,REAL PI,89.819,4 Star,Miami,048611,Public District,Open,K-12,
269,Troy City,REAL PI,87.76,4 Star,Miami,044925,Public District,Open,K-12,
370,Milton-Union Exempted Village,REAL PI,83.551,3 Star,Miami,045518,Public District,Open,K-12,
486,Piqua City,REAL PI,78.287,3 Star,Miami,044644,Public District,Open,K-12,
549,Bradford Exempted Village,REAL PI,74.355,2 Star,Miami,045229,Public District,Open,K-12,
524,Switzerland of Ohio Local,REAL PI,75.871,3 Star,Monroe,048652,Public District,Open,K-12,
9,Oakwood City,REAL PI,106.823,5 Star,Montgomery,044586,Public District,Open,K-12,
32,Dayton Regional STEM School,REAL PI,102.76,5 Star,Montgomery,011506,STEM,Open,6-12,
89,Brookville Local,REAL PI,97.252,5 Star,Montgomery,048678,Public District,Open,K-12,
129,Centerville City,REAL PI,94.128,4 Star,Montgomery,043737,Public District,Open,K-12,
195,Kettering City School District,REAL PI,90.908,4 Star,Montgomery,044180,Public District,Open,K-12,
235,Vandalia-Butler City,REAL PI,89.162,4 Star,Montgomery,044958,Public District,Open,K-12,
238,Northmont City,REAL PI,88.956,4 Star,Montgomery,048728,Public District,Open,K-12,
306,Valley View Local,REAL PI,86.01,4 Star,Montgomery,048744,Public District,Open,K-12,
339,"Dayton Early College Academy, Inc",REAL PI,84.6,3 Star,Montgomery,009283,Community School,Open,9-12,
398,Miamisburg City,REAL PI,82.182,3 Star,Montgomery,044396,Public District,Open,K-12,
491,New Lebanon Local School District,REAL PI,78.024,3 Star,Montgomery,048710,Public District,Open,K-12,
527,Mad River Local,REAL PI,75.74,3 Star,Montgomery,048702,Public District,Open,K-12,
563,West Carrollton City,REAL PI,73.171,2 Star,Montgomery,045054,Public District,Open,K-12,
576,Pathway School of Discovery,REAL PI,71.893,2 Star,Montgomery,000138,Community School,Open,K-8,
581,Huber Heights City,REAL PI,71.126,2 Star,Montgomery,048751,Public District,Open,K-12,
599,DECA PREP,REAL PI,68.813,2 Star,Montgomery,012924,Community School,Open,K-8,
621,Emerson Academy,REAL PI,66.857,2 Star,Montgomery,000577,Community School,Open,K-8,
628,Dayton SMART Elementary School,REAL PI,66.19,2 Star,Montgomery,014149,Community School,Open,K-6,
680,Miami Valley Academies,REAL PI,60.195,2 Star,Montgomery,132944,Community School,Open,K-8,
688,North Dayton School Of Science & Discovery,REAL PI,59.51,2 Star,Montgomery,143529,Community School,Open,K-8,
726,Northridge Local,REAL PI,55.757,2 Star,Montgomery,048736,Public District,Open,K-12,
755,Horizon Science Academy Dayton High School,REAL PI,52.91,1 Star,Montgomery,011534,Community School,Open,K-12,
758,Dayton Leadership Academies-Dayton View Campus,REAL PI,52.331,1 Star,Montgomery,133454,Community School,Open,K-8,
765,Horizon Science Academy-Dayton,REAL PI,51.617,1 Star,Montgomery,000808,Community School,Open,K-5,
767,Trotwood Preparatory & Fitness Academy,REAL PI,51.266,1 Star,Montgomery,143206,Community School,Open,K-8,
769,Jefferson Township Local,REAL PI,51.032,1 Star,Montgomery,048686,Public District,Open,K-12,
771,Montgomery Preparatory Academy,REAL PI,50.842,1 Star,Montgomery,017259,Community School,Open,K-12,
775,Dayton City,REAL PI,50.422,1 Star,Montgomery,043844,Public District,Open,K-12,
781,Richard Allen Preparatory,REAL PI,49.482,1 Star,Montgomery,133348,Community School,Open,K-8,
788,Trotwood-Madison City,REAL PI,48.555,1 Star,Montgomery,048694,Public District,Open,K-12,
819,Horizon Science Academy Dayton Downtown,REAL PI,45.111,1 Star,Montgomery,011976,Community School,Open,K-12,
820,Summit Academy Transition High School Dayton,REAL PI,45.086,1 Star,Montgomery,000621,Community School,Open,9-12,
839,City Day Community School,REAL PI,41.763,1 Star,Montgomery,134247,Community School,Open,K-8,
849,Klepinger Community School,REAL PI,38.707,1 Star,Montgomery,009957,Community School,Open,K-8,
850,Summit Academy Community School - Dayton,REAL PI,37.748,1 Star,Montgomery,000297,Community School,Open,K-8,
434,Morgan Local,REAL PI,80.572,3 Star,Morgan,048777,Public District,Open,K-12,
283,Northmor Local,REAL PI,87.007,4 Star,Morrow,048819,Public District,Open,K-12,
308,Highland Local,REAL PI,85.926,4 Star,Morrow,048801,Public District,Open,K-12,
467,Cardington-Lincoln Local,REAL PI,79.184,3 Star,Morrow,048793,Public District,Open,K-12,
497,Mount Gilead Exempted Village,REAL PI,77.683,3 Star,Morrow,045534,Public District,Open,K-12,
144,East Muskingum Local,REAL PI,93.629,4 Star,Muskingum,048835,Public District,Open,K-12,
270,Tri-Valley Local,REAL PI,87.665,4 Star,Muskingum,048876,Public District,Open,K-12,
376,West Muskingum Local,REAL PI,83.384,3 Star,Muskingum,048884,Public District,Open,K-12,
457,Maysville Local,REAL PI,79.73,3 Star,Muskingum,048850,Public District,Open,K-12,
464,Franklin Local,REAL PI,79.258,3 Star,Muskingum,048843,Public District,Open,K-12,
597,Zanesville City,REAL PI,68.981,2 Star,Muskingum,045179,Public District,Open,K-12,
807,Foxfire Intermediate School,REAL PI,46.545,1 Star,Muskingum,012033,Community School,Open,K-8,
333,Noble Local,REAL PI,84.762,3 Star,Noble,048900,Public District,Open,K-12,
542,Caldwell Exempted Village,REAL PI,75.004,2 Star,Noble,045252,Public District,Open,K-12,
76,Benton Carroll Salem Local,REAL PI,97.85,5 Star,Ottawa,048926,Public District,Open,K-12,
200,Danbury Local,REAL PI,90.652,4 Star,Ottawa,048934,Public District,Open,K-12,
232,Genoa Area Local,REAL PI,89.31,4 Star,Ottawa,048942,Public District,Open,K-12,
272,Put-In-Bay Local,REAL PI,87.467,4 Star,Ottawa,048975,Public District,Open,K-12,
356,Port Clinton City,REAL PI,84.023,3 Star,Ottawa,044651,Public District,Open,K-12,
100,Antwerp Local,REAL PI,96.037,4 Star,Paulding,048991,Public District,Open,K-12,
112,Wayne Trace Local,REAL PI,95.133,4 Star,Paulding,049031,Public District,Open,K-12,
363,Paulding Exempted Village,REAL PI,83.79,3 Star,Paulding,045575,Public District,Open,K-12,
268,Northern Local,REAL PI,87.769,4 Star,Perry,049056,Public District,Open,K-12,
472,New Lexington School District,REAL PI,79.002,3 Star,Perry,044479,Public District,Open,K-12,
545,Southern Local,REAL PI,74.539,2 Star,Perry,049064,Public District,Open,K-12,
571,Crooksville Exempted Village,REAL PI,72.241,2 Star,Perry,045351,Public District,Open,K-12,
227,Teays Valley Local,REAL PI,89.501,4 Star,Pickaway,049098,Public District,Open,K-12,
362,Logan Elm Local,REAL PI,83.83,3 Star,Pickaway,049080,Public District,Open,K-12,
414,Westfall Local,REAL PI,81.524,3 Star,Pickaway,049106,Public District,Open,K-12,
554,Circleville City,REAL PI,73.808,2 Star,Pickaway,043760,Public District,Open,K-12,
473,Eastern Local School District,REAL PI,78.988,3 Star,Pike,049122,Public District,Open,K-12,
572,Western Local,REAL PI,72.18,2 Star,Pike,049155,Public District,Open,K-12,
589,Scioto Valley Local,REAL PI,70.261,2 Star,Pike,049130,Public District,Open,K-12,
600,Waverly City,REAL PI,68.803,2 Star,Pike,049148,Public District,Open,K-12,
33,Aurora City,REAL PI,102.735,5 Star,Portage,049171,Public District,Open,K-12,
263,Field Local,REAL PI,87.93,4 Star,Portage,049197,Public District,Open,K-12,
296,Southeast Local,REAL PI,86.427,4 Star,Portage,049221,Public District,Open,K-12,
332,James A Garfield Local,REAL PI,84.769,3 Star,Portage,049205,Public District,Open,K-12,
343,Kent City,REAL PI,84.45,3 Star,Portage,044164,Public District,Open,K-12,
348,Rootstown Local,REAL PI,84.248,3 Star,Portage,049213,Public District,Open,K-12,
360,Bio-Med Science Academy STEM School,REAL PI,83.838,3 Star,Portage,014231,STEM,Open,K-12,
401,Waterloo Local,REAL PI,81.987,3 Star,Portage,049247,Public District,Open,K-12,
411,Streetsboro City,REAL PI,81.59,3 Star,Portage,049239,Public District,Open,K-12,
424,Crestwood Local,REAL PI,81.033,3 Star,Portage,049189,Public District,Open,K-12,
566,Windham Exempted Village,REAL PI,72.793,2 Star,Portage,045666,Public District,Open,K-12,
602,Ravenna City,REAL PI,68.701,2 Star,Portage,044685,Public District,Open,K-12,
244,Eaton Community City,REAL PI,88.722,4 Star,Preble,043935,Public District,Open,K-12,
355,Tri-County North Local,REAL PI,84.081,3 Star,Preble,091397,Public District,Open,K-12,
386,National Trail Local,REAL PI,82.76,3 Star,Preble,049270,Public District,Open,K-12,
452,Twin Valley Community Local,REAL PI,79.846,3 Star,Preble,049296,Public District,Open,K-12,
543,Preble Shawnee Local,REAL PI,74.981,2 Star,Preble,049288,Public District,Open,K-12,
11,Miller City-New Cleveland Local,REAL PI,106.47,5 Star,Putnam,049361,Public District,Open,K-12,
21,Kalida Local,REAL PI,104.029,5 Star,Putnam,049346,Public District,Open,K-12,
24,Ottoville Local,REAL PI,103.659,5 Star,Putnam,049387,Public District,Open,K-12,
91,Jennings Local,REAL PI,96.957,5 Star,Putnam,049338,Public District,Open,K-12,
99,Pandora-Gilboa Local,REAL PI,96.114,4 Star,Putnam,049395,Public District,Open,K-12,
102,Ottawa-Glandorf Local,REAL PI,95.83,4 Star,Putnam,049379,Public District,Open,K-12,
105,Columbus Grove Local,REAL PI,95.683,4 Star,Putnam,049312,Public District,Open,K-12,
132,Continental Local,REAL PI,93.904,4 Star,Putnam,049320,Public District,Open,K-12,
199,Leipsic Local,REAL PI,90.789,4 Star,Putnam,049353,Public District,Open,K-12,
150,Ontario Local,REAL PI,93.381,4 Star,Richland,049478,Public District,Open,K-12,
176,Lexington Local,REAL PI,91.667,4 Star,Richland,049437,Public District,Open,K-12,
253,Shelby City,REAL PI,88.374,4 Star,Richland,044776,Public District,Open,K-12,
282,Lucas Local,REAL PI,87.024,4 Star,Richland,049445,Public District,Open,K-12,
316,Crestview Local,REAL PI,85.548,3 Star,Richland,049429,Public District,Open,K-12,
321,Clear Fork Valley Local,REAL PI,85.292,3 Star,Richland,049411,Public District,Open,K-12,
405,Madison Local,REAL PI,81.907,3 Star,Richland,049452,Public District,Open,K-12,
407,Plymouth-Shiloh Local,REAL PI,81.844,3 Star,Richland,049460,Public District,Open,K-12,
492,The Richland School of Academic Arts,REAL PI,77.983,3 Star,Richland,011967,Community School,Open,K-8,
654,Mansfield City,REAL PI,62.942,2 Star,Richland,044297,Public District,Open,K-12,
672,Foundation Academy,REAL PI,61.111,2 Star,Richland,009192,Community School,Open,K-12,
349,Southeastern Local,REAL PI,84.18,3 Star,Ross,049528,Public District,Open,K-12,
367,Union-Scioto Local,REAL PI,83.577,3 Star,Ross,049536,Public District,Open,K-12,
465,Zane Trace Local,REAL PI,79.255,3 Star,Ross,049544,Public District,Open,K-12,
474,Adena Local,REAL PI,78.978,3 Star,Ross,049494,Public District,Open,K-12,
562,Paint Valley Local,REAL PI,73.204,2 Star,Ross,049510,Public District,Open,K-12,
575,Huntington Local,REAL PI,71.901,2 Star,Ross,049502,Public District,Open,K-12,
620,Chillicothe City,REAL PI,66.878,2 Star,Ross,043745,Public District,Open,K-12,
281,Woodmore Local,REAL PI,87.056,4 Star,Sandusky,049577,Public District,Open,K-12,
335,Clyde-Green Springs Exempted Village,REAL PI,84.689,3 Star,Sandusky,045302,Public District,Open,K-12,
341,Lakota Local,REAL PI,84.519,3 Star,Sandusky,049569,Public District,Open,K-12,
390,Gibsonburg Exempted Village,REAL PI,82.549,3 Star,Sandusky,045385,Public District,Open,K-12,
567,Fremont City,REAL PI,72.754,2 Star,Sandusky,044016,Public District,Open,K-12,
181,Wheelersburg Local,REAL PI,91.266,4 Star,Scioto,049668,Public District,Open,K-12,
189,Bloom-Vernon Local,REAL PI,91.069,4 Star,Scioto,049593,Public District,Open,K-12,
313,Valley Local,REAL PI,85.759,4 Star,Scioto,049643,Public District,Open,K-12,
423,Northwest Local,REAL PI,81.105,3 Star,Scioto,049635,Public District,Open,K-12,
468,Clay Local,REAL PI,79.129,3 Star,Scioto,049601,Public District,Open,K-12,
483,New Boston Local,REAL PI,78.467,3 Star,Scioto,044461,Public District,Open,K-12,
495,Minford Local,REAL PI,77.894,3 Star,Scioto,049627,Public District,Open,K-12,
506,Green Local,REAL PI,77.145,3 Star,Scioto,049619,Public District,Open,K-12,
526,Washington-Nile Local,REAL PI,75.815,3 Star,Scioto,049650,Public District,Open,K-12,
586,Sciotoville,REAL PI,70.558,2 Star,Scioto,143644,Community School,Open,K-12,
662,Portsmouth City,REAL PI,62.5,2 Star,Scioto,044669,Public District,Open,K-12,
108,Hopewell-Loudon Local,REAL PI,95.521,4 Star,Seneca,049700,Public District,Open,K-12,
159,Seneca East Local,REAL PI,92.7,4 Star,Seneca,049684,Public District,Open,K-12,
162,New Riegel Local,REAL PI,92.576,4 Star,Seneca,049718,Public District,Open,K-12,
221,Old Fort Local,REAL PI,89.836,4 Star,Seneca,049726,Public District,Open,K-12,
406,Tiffin City Schools,REAL PI,81.9,3 Star,Seneca,044891,Public District,Open,K-12,
598,Fostoria City,REAL PI,68.947,2 Star,Seneca,043992,Public District,Open,K-12,
679,Bridges Community Academy dba Bridges Preparatory Academy,REAL PI,60.381,2 Star,Seneca,000311,Community School,Open,K-12,
8,Fort Loramie Local,REAL PI,106.829,5 Star,Shelby,049783,Public District,Open,K-12,
23,Russia Local,REAL PI,103.835,5 Star,Shelby,049817,Public District,Open,K-12,
40,Botkins Local,REAL PI,101.657,5 Star,Shelby,049767,Public District,Open,K-12,
63,Anna Local,REAL PI,98.892,5 Star,Shelby,049759,Public District,Open,K-12,
69,Jackson Center Local,REAL PI,98.251,5 Star,Shelby,049809,Public District,Open,K-12,
75,Fairlawn Local,REAL PI,97.991,5 Star,Shelby,049775,Public District,Open,K-12,
220,Hardin-Houston Local,REAL PI,89.966,4 Star,Shelby,049791,Public District,Open,K-12,
523,Sidney City,REAL PI,75.953,3 Star,Shelby,044784,Public District,Open,K-12,
39,Lake Local,REAL PI,101.86,5 Star,Stark,049866,Public District,Open,K-12,
61,North Canton City,REAL PI,99.295,5 Star,Stark,044503,Public District,Open,K-12,
67,Northwest Local,REAL PI,98.356,5 Star,Stark,049908,Public District,Open,K-12,
86,Jackson Local,REAL PI,97.409,5 Star,Stark,049858,Public District,Open,K-12,
87,Tuslaw Local,REAL PI,97.393,5 Star,Stark,049957,Public District,Open,K-12,
145,Louisville City,REAL PI,93.548,4 Star,Stark,049874,Public District,Open,K-12,
196,Perry Local,REAL PI,90.879,4 Star,Stark,049924,Public District,Open,K-12,
210,Plain Local,REAL PI,90.245,4 Star,Stark,049932,Public District,Open,K-12,
246,Marlington Local,REAL PI,88.627,4 Star,Stark,049882,Public District,Open,K-12,
345,Minerva Local,REAL PI,84.318,3 Star,Stark,049890,Public District,Open,K-12,
347,Fairless Local,REAL PI,84.275,3 Star,Stark,049841,Public District,Open,K-12,
354,Sandy Valley Local,REAL PI,84.083,3 Star,Stark,049940,Public District,Open,K-12,
408,Osnaburg Local,REAL PI,81.826,3 Star,Stark,049916,Public District,Open,K-12,
459,Canton Local,REAL PI,79.64,3 Star,Stark,049833,Public District,Open,K-12,
534,Massillon City,REAL PI,75.518,3 Star,Stark,044354,Public District,Open,K-12,
569,Alliance City,REAL PI,72.596,2 Star,Stark,043497,Public District,Open,K-12,
713,Canton College Preparatory School,REAL PI,56.689,2 Star,Stark,013255,Community School,Open,K-12,
748,Canton City,REAL PI,53.338,1 Star,Stark,043711,Public District,Open,K-12,
751,Summit Academy Community School for Alternative Learn-Canton,REAL PI,53.162,1 Star,Stark,133306,Community School,Open,K-8,
753,East Branch Preparatory AcademydbaWright Preparatory Academy,REAL PI,53.014,1 Star,Stark,015713,Community School,Open,K-8,
797,Beacon Academy,REAL PI,47.647,1 Star,Stark,015709,Community School,Open,K-12,
818,Summit Academy Secondary - Canton,REAL PI,45.114,1 Star,Stark,000300,Community School,Open,9-12,
25,Hudson City,REAL PI,103.516,5 Star,Summit,050021,Public District,Open,K-12,
38,Revere Local,REAL PI,102.07,5 Star,Summit,050054,Public District,Open,K-12,
73,Copley-Fairlawn City,REAL PI,98.084,5 Star,Summit,049981,Public District,Open,K-12,
80,Green Local,REAL PI,97.705,5 Star,Summit,050013,Public District,Open,K-12,
95,Nordonia Hills City,REAL PI,96.545,5 Star,Summit,050047,Public District,Open,K-12,
101,Twinsburg City,REAL PI,96.001,4 Star,Summit,050070,Public District,Open,K-12,
127,Manchester Local,REAL PI,94.271,4 Star,Summit,050005,Public District,Open,K-12,
166,Norton City,REAL PI,92.238,4 Star,Summit,044552,Public District,Open,K-12,
203,Greater Summit County Early Learning Center,REAL PI,90.429,4 Star,Summit,011381,Community School,Open,K-4,
236,Mogadore Local,REAL PI,89.081,4 Star,Summit,050039,Public District,Open,K-12,
251,Tallmadge City,REAL PI,88.4,4 Star,Summit,044883,Public District,Open,K-12,
277,Stow-Munroe Falls City School District,REAL PI,87.157,4 Star,Summit,044834,Public District,Open,K-12,
364,Coventry Local,REAL PI,83.769,3 Star,Summit,049999,Public District,Open,K-12,
371,Woodridge Local,REAL PI,83.475,3 Star,Summit,049973,Public District,Open,K-12,
496,Cuyahoga Falls City,REAL PI,77.865,3 Star,Summit,043836,Public District,Open,K-12,
507,Barberton City,REAL PI,77.135,3 Star,Summit,043539,Public District,Open,K-12,
508,Springfield Local,REAL PI,77.076,3 Star,Summit,050062,Public District,Open,K-12,
643,Imagine Leadership Academy,REAL PI,64.254,2 Star,Summit,014121,Community School,Open,K-8,
682,"Edge Academy, The",REAL PI,60.088,2 Star,Summit,133538,Community School,Open,K-5,
696,Imagine Akron Academy,3A,58.784,NR,Summit,011947,Community School,Open,K-6,
699,Akron City,REAL PI,58.706,2 Star,Summit,043489,Public District,Open,K-12,
700,Akros Middle School,REAL PI,58.684,2 Star,Summit,012060,Community School,Open,6-10,
733,Summit Academy Secondary - Akron,REAL PI,54.796,2 Star,Summit,000298,Community School,Open,9-12,
735,Akron Preparatory School,REAL PI,54.57,2 Star,Summit,013254,Community School,Open,K-12,
754,Summit Academy Akron Middle School,REAL PI,52.993,1 Star,Summit,132779,Community School,Open,6-8,
770,Summit Academy Akron Elementary School,REAL PI,50.87,1 Star,Summit,133587,Community School,Open,K-5,
776,Alternative Education Academy,REAL PI,50.401,1 Star,Summit,143396,Community School,Open,K-12,
778,Main Preparatory Academy,REAL PI,50.275,1 Star,Summit,014066,Community School,Open,K-8,
783,Eagle Elementary of Akron,REAL PI,49.444,1 Star,Summit,012627,Community School,Open,K-5,
816,Middlebury Academy,REAL PI,45.414,1 Star,Summit,134213,Community School,Open,K-8,
829,Akron Career Tech High School,REAL PI,43.4,1 Star,Summit,019427,Community School,Open,9-12,
834,Case Preparatory Academy,REAL PI,42.685,1 Star,Summit,019221,Community School,Open,K-8,
851,Steel Academy,REAL PI,37.547,1 Star,Summit,014927,Community School,Open,6-12,
66,Maplewood Local,REAL PI,98.357,5 Star,Trumbull,050211,Public District,Open,K-12,
74,Lakeview Local,REAL PI,98.071,5 Star,Trumbull,050187,Public District,Open,K-12,
121,Champion Local,REAL PI,94.704,4 Star,Trumbull,050138,Public District,Open,K-12,
135,McDonald Local,REAL PI,93.845,4 Star,Trumbull,050229,Public District,Open,K-12,
137,Weathersfield Local,REAL PI,93.811,4 Star,Trumbull,050252,Public District,Open,K-12,
182,Southington Local,REAL PI,91.254,4 Star,Trumbull,050237,Public District,Open,K-12,
207,Lordstown Local,REAL PI,90.265,4 Star,Trumbull,050203,Public District,Open,K-12,
246,Niles Preparatory Academy,REAL PI,88.627,4 Star,Trumbull,019478,Community School,Open,K-8,
273,Howland Local,REAL PI,87.392,4 Star,Trumbull,050161,Public District,Open,K-12,
290,Hubbard Exempted Village,REAL PI,86.639,4 Star,Trumbull,045427,Public District,Open,K-12,
304,Mathews Local,REAL PI,86.067,4 Star,Trumbull,050153,Public District,Open,K-12,
317,Bristol Local,REAL PI,85.414,3 Star,Trumbull,050112,Public District,Open,K-12,
329,Joseph Badger Local,REAL PI,84.924,3 Star,Trumbull,050179,Public District,Open,K-12,
369,Bloomfield-Mespo Local,REAL PI,83.559,3 Star,Trumbull,050096,Public District,Open,K-12,
387,LaBrae Local,REAL PI,82.749,3 Star,Trumbull,050245,Public District,Open,K-12,
477,Girard City School District,REAL PI,78.71,3 Star,Trumbull,044065,Public District,Open,K-12,
525,Niles City,REAL PI,75.866,3 Star,Trumbull,044495,Public District,Open,K-12,
529,Brookfield Local,REAL PI,75.691,3 Star,Trumbull,050120,Public District,Open,K-12,
544,Newton Falls Exempted Village,REAL PI,74.877,2 Star,Trumbull,045567,Public District,Open,K-12,
603,Liberty Local,REAL PI,68.633,2 Star,Trumbull,050195,Public District,Open,K-12,
604,STEAM Academy of Warren,REAL PI,68.614,2 Star,Trumbull,012644,Community School,Open,K-8,
684,Warren City,REAL PI,60.048,2 Star,Trumbull,044990,Public District,Open,K-12,
809,Summit Academy Community School-Warren,REAL PI,46.084,1 Star,Trumbull,000305,Community School,Open,K-7,
830,Summit Academy Alternative LearnersWarren Middle & Secondary,REAL PI,43.352,1 Star,Trumbull,000616,Community School,Open,8-12,
151,Tuscarawas Valley Local,REAL PI,93.378,4 Star,Tuscarawas,050302,Public District,Open,K-12,
167,Garaway Local,REAL PI,92.234,4 Star,Tuscarawas,050278,Public District,Open,K-12,
179,Indian Valley Local,REAL PI,91.483,4 Star,Tuscarawas,050286,Public District,Open,K-12,
252,Strasburg-Franklin Local,REAL PI,88.391,4 Star,Tuscarawas,050294,Public District,Open,K-12,
267,Dover City,REAL PI,87.802,4 Star,Tuscarawas,043893,Public District,Open,K-12,
320,New Philadelphia City,REAL PI,85.331,3 Star,Tuscarawas,044487,Public District,Open,K-12,
482,Claymont City,REAL PI,78.576,3 Star,Tuscarawas,043778,Public District,Open,K-12,
548,Newcomerstown Exempted Village,REAL PI,74.377,2 Star,Tuscarawas,045542,Public District,Open,K-12,
579,Quaker Preparatory Academy,REAL PI,71.287,2 Star,Tuscarawas,019156,Community School,Open,K-8,
103,Fairbanks Local,REAL PI,95.783,4 Star,Union,050328,Public District,Open,K-12,
172,Marysville Exempted Village,REAL PI,91.915,4 Star,Union,045476,Public District,Open,K-12,
266,North Union Local School District,REAL PI,87.858,4 Star,Union,050336,Public District,Open,K-12,
94,Crestview Local,REAL PI,96.735,5 Star,Van Wert,050351,Public District,Open,K-12,
118,Lincolnview Local,REAL PI,94.868,4 Star,Van Wert,050369,Public District,Open,K-12,
448,Van Wert City,REAL PI,79.986,3 Star,Van Wert,044966,Public District,Open,K-12,
511,Vinton County Local,REAL PI,76.887,3 Star,Vinton,050393,Public District,Open,K-12,
35,Wayne Local,REAL PI,102.551,5 Star,Warren,050468,Public District,Open,K-12,
47,Mason City,REAL PI,100.868,5 Star,Warren,050450,Public District,Open,K-12,
71,Springboro Community City,REAL PI,98.14,5 Star,Warren,050427,Public District,Open,K-12,
82,Kings Local,REAL PI,97.68,5 Star,Warren,050435,Public District,Open,K-12,
204,Little Miami Local,REAL PI,90.394,4 Star,Warren,050443,Public District,Open,K-12,
208,Lebanon City,REAL PI,90.261,4 Star,Warren,044214,Public District,Open,K-12,
319,Franklin City,REAL PI,85.365,3 Star,Warren,044008,Public District,Open,K-12,
350,Carlisle Local,REAL PI,84.179,3 Star,Warren,050419,Public District,Open,K-12,
197,Fort Frye Local,REAL PI,90.866,4 Star,Washington,050484,Public District,Open,K-12,
265,Warren Local,REAL PI,87.908,4 Star,Washington,050500,Public District,Open,K-12,
432,Frontier Local,REAL PI,80.686,3 Star,Washington,050492,Public District,Open,K-12,
433,Wolf Creek Local,REAL PI,80.573,3 Star,Washington,050518,Public District,Open,K-12,
519,Belpre City,REAL PI,76.148,3 Star,Washington,043604,Public District,Open,K-12,
550,Marietta City,REAL PI,74.334,2 Star,Washington,044321,Public District,Open,K-12,
92,Chippewa Local,REAL PI,96.95,5 Star,Wayne,050534,Public District,Open,K-12,
93,Dalton Local,REAL PI,96.82,5 Star,Wayne,050542,Public District,Open,K-12,
107,Norwayne Local,REAL PI,95.536,4 Star,Wayne,050567,Public District,Open,K-12,
136,Triway Local,REAL PI,93.843,4 Star,Wayne,050591,Public District,Open,K-12,
137,Green Local,REAL PI,93.811,4 Star,Wayne,050559,Public District,Open,K-12,
184,Rittman Exempted Village,REAL PI,91.211,4 Star,Wayne,045591,Public District,Open,K-12,
190,Beacon Hill Academy,REAL PI,91.048,4 Star,Wayne,012501,Community School,Open,7-12,
212,Orrville City,REAL PI,90.217,4 Star,Wayne,044610,Public District,Open,K-12,
216,Southeast Local,REAL PI,90.085,4 Star,Wayne,050583,Public District,Open,K-12,
217,Northwestern Local,REAL PI,90.005,4 Star,Wayne,050575,Public District,Open,K-12,
399,Wooster City,REAL PI,82.104,3 Star,Wayne,045120,Public District,Open,K-12,
233,Edgerton Local,REAL PI,89.28,4 Star,Williams,050617,Public District,Open,K-12,
243,Edon Northwest Local,REAL PI,88.724,4 Star,Williams,050625,Public District,Open,K-12,
248,Bryan City,REAL PI,88.606,4 Star,Williams,043679,Public District,Open,K-12,
254,Millcreek-West Unity Local,REAL PI,88.367,4 Star,Williams,050633,Public District,Open,K-12,
374,Stryker Local,REAL PI,83.431,3 Star,Williams,050658,Public District,Open,K-12,
421,Montpelier Exempted Village,REAL PI,81.186,3 Star,Williams,045526,Public District,Open,K-12,
455,North Central Local,REAL PI,79.763,3 Star,Williams,050641,Public District,Open,K-12,
29,Perrysburg Exempted Village,REAL PI,103.04,5 Star,Wood,045583,Public District,Open,K-12,
78,Eastwood Local,REAL PI,97.797,5 Star,Wood,050674,Public District,Open,K-12,
284,Elmwood Local,REAL PI,86.973,4 Star,Wood,050682,Public District,Open,K-12,
340,Otsego Local,REAL PI,84.555,3 Star,Wood,050724,Public District,Open,K-12,
383,Lake Local,REAL PI,82.815,3 Star,Wood,050690,Public District,Open,K-12,
391,Bowling Green City School District,REAL PI,82.371,3 Star,Wood,043638,Public District,Open,K-12,
446,Northwood Local Schools,REAL PI,80,3 Star,Wood,050716,Public District,Open,K-12,
458,North Baltimore Local,REAL PI,79.706,3 Star,Wood,050708,Public District,Open,K-12,
475,Rossford Exempted Village,REAL PI,78.876,3 Star,Wood,045609,Public District,Open,K-12,
153,Mohawk Local,REAL PI,93.208,4 Star,Wyandot,050740,Public District,Open,K-12,
297,Upper Sandusky Exempted Village,REAL PI,86.315,4 Star,Wyandot,045625,Public District,Open,K-12,
351,Carey Exempted Village Schools,REAL PI,84.17,3 Star,Wyandot,045260,Public District,Open,K-12,